,url
15,"['royal', 'palm', 'beach', '2019', 'ram-1500-big-horn']"
383,"['new', 'castle', '2019', 'nissan', 'sentra-cvt-gun']"
469,"['vicksburg', '2019', 'chevrolet', 'silverado']"
484,"['new', 'castle', '2018', 'jeep', 'compass-latitude']"
849,"['new', 'castle', '2018', 'toyota', 'highlander-xle']"
938,"['vicksburg', '2019', 'ford', 'super', 'duty-350-drw']"
1001,"['new', 'castle', '2020', 'volvo', 's60-t6-awd']"
1056,"['new', 'castle', '2020', 'mercedes', 'benz-class-220']"
1104,"['new', 'castle', '2018', 'jeep', 'wrangler-unlimited']"
1198,"['new', 'castle', '2018', 'mercedes', 'benz-gls-gls']"
1378,"['new', 'castle', '2019', 'nissan', 'frontier-king']"
1431,"['vicksburg', '2018', 'ford', 'transit', 'passenger']"
1438,"['vicksburg', '2019', 'nissan', 'nv200', 'compact']"
1439,"['vicksburg', '2018', 'ford', 'super', 'duty-350-drw']"
1444,"['vicksburg', '2019', 'chevrolet', 'silverado']"
1751,"['vicksburg', '2018', 'chevrolet', 'silverado', '1500']"
1840,"['new', 'castle', '2019', 'nissan', 'sentra-cvt-gun']"
1868,"['vicksburg', '2018', 'ford', 'super', 'duty-550-drw']"
2004,"['new', 'castle', '2018', 'ford', '150-raptor-4wd']"
2105,"['new', 'castle', '2019', 'jeep', 'wrangler-unlimited']"
2823,"['nashville', '2018', 'chevrolet', 'camaro', 'hot']"
2870,"['nashville', '2018', 'ford', 'ford', '150-crew-xlt']"
2875,"['nashville', '2019', 'chevrolet', 'colorado', 'zr2']"
3004,"['nashville', '2018', 'jeep', 'grand', 'cherokee-2018']"
3032,"['new', 'castle', '2019', 'nissan', 'sentra-cvt-gun']"
3096,"['nashville', '2019', 'ford', 'mustang', '2019-ford']"
3101,"['new', 'castle', '2018', 'jeep', 'compass-latitude']"
3314,"['new', 'castle', '2018', 'toyota', 'highlander-xle']"
3334,"['nashville', '2020', 'chevrolet', 'suburban', '2020']"
3384,"['nashville', '2020', 'volkswagen', 'atlas', '2020']"
3395,"['nashville', '2020', 'volkswagen', 'passat', '2020']"
3416,"['new', 'castle', '2020', 'volvo', 's60-t6-awd']"
3491,"['new', 'castle', '2020', 'mercedes', 'benz-class-220']"
3498,"['new', 'castle', '2018', 'jeep', 'wrangler-unlimited']"
3514,"['nashville', '2018', 'toyota', '4runner', '2018']"
3553,"['new', 'castle', '2018', 'mercedes', 'benz-gls-gls']"
3569,"['nashville', '2018', 'gmc', 'yukon', '2018-gmc-yukon']"
3613,"['nashville', '2018', 'ford', 'mustang', 'call']"
3676,"['new', 'castle', '2019', 'nissan', 'frontier-king']"
3734,"['nashville', '2018', 'subaru', 'wrx', 'sti-takeda']"
3941,"['new', 'castle', '2019', 'nissan', 'sentra-cvt-gun']"
4064,"['nashville', '2019', 'audi', 'a5', 'sportback-2019']"
4074,"['new', 'castle', '2018', 'ford', '150-raptor-4wd']"
4124,"['new', 'castle', '2019', 'jeep', 'wrangler-unlimited']"
4135,"['nashville', '2018', 'mercedes', 'benz', 'cla-2018']"
4407,"['vicksburg', '2019', 'chevrolet', 'silverado']"
4527,"['vicksburg', '2019', 'ford', 'super', 'duty-350-drw']"
4791,"['vicksburg', '2018', 'ford', 'transit', 'passenger']"
4795,"['vicksburg', '2019', 'nissan', 'nv200', 'compact']"
4796,"['vicksburg', '2018', 'ford', 'super', 'duty-350-drw']"
4802,"['vicksburg', '2019', 'chevrolet', 'silverado']"
4934,"['vicksburg', '2018', 'chevrolet', 'silverado', '1500']"
4966,"['vicksburg', '2019', 'ford', '150', '4x4-50l-v8-crew']"
4967,"['vicksburg', '2018', 'ford', 'super', 'duty-550-drw']"
4968,"['vicksburg', '2018', 'ford', 'super', 'duty-550-drw']"
5553,"['vicksburg', '2019', 'nissan', 'nv200', 'compact']"
5554,"['vicksburg', '2018', 'ford', 'super', 'duty-350-drw']"
5555,"['vicksburg', '2019', 'chevrolet', 'silverado']"
5573,"['vicksburg', '2018', 'chevrolet', 'silverado', '1500']"
5578,"['vicksburg', '2019', 'ford', '150', '4x4-50l-v8-crew']"
5579,"['vicksburg', '2018', 'ford', 'super', 'duty-550-drw']"
6503,"['anchorage', '2020', 'ram', '3500', 'tradesman-4x4']"
8014,"['anchorage', '2019', 'chevrolet', 'suburban', '4wd']"
8322,"['anchorage', '2019', 'ford', 'transit', 'van-250-low']"
10518,"['lake', 'havasu', 'city', '2019', 'dodge-journey-se']"
10535,"['lake', 'havasu', 'city', '2019', 'jeep-renegade']"
10540,"['lake', 'havasu', 'city', '2019', 'chrysler-300']"
10553,"['lake', 'havasu', 'city', '2019', 'jeep-renegade']"
10639,"['lake', 'havasu', 'city', '2019', 'gmc-acadia-fwd']"
10659,"['lake', 'havasu', 'city', '2019', 'ford-ranger']"
10703,"['lake', 'havasu', 'city', '2019', 'ram-1500-laramie']"
10720,"['lake', 'havasu', 'city', '2019', 'ram-1500-laramie']"
10741,"['lake', 'havasu', 'city', '2018', 'ford-focus-se']"
10762,"['lake', 'havasu', 'city', '2019', 'volkswagen-passat']"
10766,"['lake', 'havasu', 'city', '2018', 'nissan-rogue-fwd']"
10772,"['lake', 'havasu', 'city', '2018', 'nissan-rogue-fwd']"
10775,"['lake', 'havasu', 'city', '2018', 'gmc-acadia-fwd']"
10828,"['lake', 'havasu', 'city', '2018', 'toyota-corolla-cvt']"
10838,"['lake', 'havasu', 'city', '2020', 'chevrolet-malibu']"
10852,"['lake', 'havasu', 'city', '2018', 'dodge-journey-sxt']"
10865,"['lake', 'havasu', 'city', '2018', 'hyundai-elantra']"
10870,"['lake', 'havasu', 'city', '2019', 'toyota-camry-xse']"
10878,"['lake', 'havasu', 'city', '2019', 'gmc-sierra-wd']"
10882,"['lake', 'havasu', 'city', '2020', 'toyota-corolla-le']"
10888,"['lake', 'havasu', 'city', '2019', 'ford-expedition']"
10891,"['lake', 'havasu', 'city', '2019', 'chrysler-300']"
10903,"['lake', 'havasu', 'city', '2018', 'dodge-charger-sxt']"
11367,['d']
11487,['d']
11520,['d']
11553,['d']
11630,['d']
11752,['d']
12249,['d']
12625,['d']
12685,['d']
12699,['d']
12727,['d']
12778,['d']
12838,['d']
12890,['d']
13059,['d']
13849,"['prescott', '2010', 'ford', 'ranger']"
14764,"['tempe', '2020', 'ford', 'super', 'duty-250-srw']"
16060,"['tempe', '2019', 'ford', '150', 'lifted-4x4-ecoboost']"
16067,"['tempe', '2020', 'chevrolet', 'silverado', '3500hd']"
16068,"['tempe', '2020', 'gmc', 'sierra', '3500hd-lifted']"
16521,"['tempe', '2020', 'gmc', 'sierra', '1500-elevation']"
16570,"['tempe', '2020', 'gmc', 'sierra', '1500-lifted']"
16615,"['tempe', '2020', 'chevrolet', 'silverado', '3500hd']"
16632,"['tempe', '2020', 'gmc', 'sierra', '1500-lifted-x31']"
18686,"['oklahoma', 'city', '2019', 'fuso', 'crew-cab']"
19055,"['bentonville', '2017', 'hyundai', 'elantra', 'se']"
19411,"['oklahoma', 'city', '2020', 'mitsubishi', 'fe160g']"
19553,"['vicksburg', '2019', 'chevrolet', 'silverado']"
20274,"['vicksburg', '2019', 'chevrolet', 'silverado']"
21094,"['vicksburg', '2019', 'nissan', 'nv200', 'compact']"
21096,"['vicksburg', '2018', 'ford', 'super', 'duty-350-drw']"
21117,"['vicksburg', '2019', 'chevrolet', 'silverado']"
21473,"['oklahoma', 'city', '2019', 'fuso', 'crew-cab']"
21479,"['vicksburg', '2018', 'chevrolet', 'silverado', '1500']"
21589,"['vicksburg', '2019', 'ford', '150', '4x4-50l-v8-crew']"
21590,"['vicksburg', '2018', 'ford', 'super', 'duty-550-drw']"
26578,"['paso', 'robles', '2018', 'ford', '150-xlt-2wd']"
26974,"['paso', 'robles', '2019', 'toyota', 'sequoia-sr5-4wd']"
26977,"['paso', 'robles', '2020', 'ford', '150-king-ranch']"
27524,"['paso', 'robles', '2020', 'ford', '150-xlt-stone']"
28256,"['paso', 'robles', '2018', 'ford', 'fusion-se-fwd']"
28604,"['paso', 'robles', '2018', 'toyota', 'tundra-4wd']"
29950,"['scottsdale', '2019', 'chevrolet', 'silverado']"
30153,"['scottsdale', '2020', 'ford', 'super', 'duty-250-srw']"
30361,"['scottsdale', '2019', 'gmc', 'sierra', '1500-lifted']"
30479,"['scottsdale', '2018', 'chevrolet', 'silverado']"
30562,"['scottsdale', '2019', 'chevrolet', 'silverado']"
30996,"['scottsdale', '2019', 'ford', 'super', 'duty-350-srw']"
31118,"['scottsdale', '2019', 'gmc', 'sierra', '1500-lifted']"
31240,"['scottsdale', '2020', 'gmc', 'sierra', '3500hd-2020']"
31460,"['scottsdale', '2020', 'gmc', 'sierra', '1500-lifted']"
31568,"['scottsdale', '2018', 'chevrolet', 'silverado']"
31784,"['scottsdale', '2020', 'gmc', 'sierra', '2500hd']"
31918,"['scottsdale', '2020', 'chevrolet', 'silverado']"
32058,"['scottsdale', '2020', 'gmc', 'sierra', '3500hd']"
32577,"['scottsdale', '2020', 'chevrolet', 'silverado']"
33558,['d']
33559,['d']
33561,['d']
40630,"['scottsdale', '2019', 'chevrolet', 'silverado']"
40696,"['scottsdale', '2020', 'ford', 'super', 'duty-250-srw']"
40985,"['scottsdale', '2019', 'gmc', 'sierra', '1500-lifted']"
41069,"['scottsdale', '2018', 'chevrolet', 'silverado']"
41152,"['scottsdale', '2019', 'chevrolet', 'silverado']"
41429,"['scottsdale', '2019', 'gmc', 'sierra', '1500-lifted']"
41580,"['scottsdale', '2019', 'ford', 'super', 'duty-350-srw']"
41669,"['scottsdale', '2020', 'gmc', 'sierra', '1500-lifted']"
41942,"['scottsdale', '2020', 'gmc', 'sierra', '3500hd-2020']"
42051,"['scottsdale', '2018', 'chevrolet', 'silverado']"
42266,"['scottsdale', '2020', 'gmc', 'sierra', '2500hd']"
42351,"['scottsdale', '2020', 'chevrolet', 'silverado']"
42461,"['scottsdale', '2020', 'chevrolet', 'silverado']"
43032,"['scottsdale', '2020', 'gmc', 'sierra', '3500hd']"
51283,"['dallas', '2019', 'volvo', 'neon', 'green-delivery']"
51352,"['fair', 'oaks', '2018', 'gmc', 'acadia-awd-4dr-denali']"
52315,"['fair', 'oaks', '2019', 'volkswagen', 'atlas-36l-v6']"
54570,['d']
54571,['d']
54572,['d']
54573,['d']
54574,['d']
56259,"['paso', 'robles', '2018', 'ford', '150-xlt']"
56330,"['paso', 'robles', '2020', 'ford', '150-king-ranch']"
56357,"['paso', 'robles', '2019', 'toyota', 'sequoia-sr5-4wd']"
56358,"['paso', 'robles', '2020', 'ford', '150-xlt-stone']"
56774,"['paso', 'robles', '2018', 'toyota', 'tundra-4wd']"
56775,"['paso', 'robles', '2019', 'ford', '150-king-ranch']"
56959,"['paso', 'robles', '2018', 'ford', '150-xlt']"
57105,"['paso', 'robles', '2018', 'ford', '150-xlt-ingot']"
57106,"['paso', 'robles', '2018', 'ford', 'edge-sel-fwd']"
57182,"['paso', 'robles', '2018', 'gmc', 'sierra-wd-crew-cab']"
57281,"['paso', 'robles', '2018', 'ford', 'edge-sel-fwd']"
57341,"['paso', 'robles', '2018', 'ford', 'fusion-se-fwd']"
57352,"['paso', 'robles', '2018', 'ford', '150-xlt-2wd']"
57380,"['paso', 'robles', '2018', 'chevrolet', 'cruze-4dr']"
57465,"['paso', 'robles', '2019', 'ford', 'explorer-xlt-4wd']"
63486,"['lawndale', '2018', 'hyundai', 'sonata', 'se-24l-bad']"
71707,"['denver', '2019', 'dodge', 'grand', 'caravan-sxt-gray']"
71747,"['denver', '2018', 'toyota', 'sienna', 'limited']"
71831,"['denver', '2020', 'honda', 'odyssey', 'ex-automatic']"
71873,"['scottsdale', '2019', 'ford', 'super', 'duty-250-srw']"
75951,"['denver', '2019', 'dodge', 'grand', 'caravan-sxt-gray']"
76040,"['denver', '2019', 'chrysler', 'pacifica', 'touring']"
76155,"['denver', '2018', 'toyota', 'sienna', 'limited']"
76274,"['denver', '2019', 'honda', 'pilot', 'ex-2wd-silver']"
76275,"['denver', '2020', 'honda', 'odyssey', 'ex-automatic']"
76299,"['denver', '2019', 'honda', 'pilot', 'ex-2wd-white']"
76356,"['denver', '2019', 'dodge', 'grand', 'caravan-se-white']"
76424,"['denver', '2019', 'toyota', 'sienna', 'le-automatic']"
76425,"['denver', '2019', 'dodge', 'grand', 'caravan-se-plus']"
76426,"['denver', '2020', 'honda', 'odyssey', 'ex-w-navi-res']"
76451,"['denver', '2019', 'dodge', 'grand', 'caravan-sxt']"
76453,"['denver', '2019', 'dodge', 'grand', 'caravan-sxt']"
76598,"['denver', '2019', 'honda', 'pilot', 'ex-2wd-black']"
76669,"['denver', '2020', 'kia', 'soul', 'line-ivt-white']"
76670,"['denver', '2018', 'toyota', 'sienna', 'le-automatic']"
76713,"['denver', '2019', 'dodge', 'grand', 'caravan-se-gray']"
76715,"['denver', '2019', 'dodge', 'grand', 'caravan-sxt-gray']"
76781,"['denver', '2019', 'chrysler', 'pacifica', 'touring']"
76839,"['denver', '2019', 'dodge', 'grand', 'caravan-sxt']"
76841,"['denver', '2018', 'toyota', 'sienna', 'limited']"
76927,"['denver', '2019', 'honda', 'pilot', 'ex-2wd-silver']"
76928,"['denver', '2020', 'honda', 'odyssey', 'ex-automatic']"
76965,"['denver', '2018', 'dodge', 'grand', 'caravan-sxt']"
77001,"['denver', '2019', 'honda', 'pilot', 'ex-2wd-white']"
77002,"['denver', '2019', 'toyota', 'sienna', 'le-automatic']"
77017,"['denver', '2020', 'toyota', 'sienna', 'xle-automatic']"
77020,"['denver', '2019', 'dodge', 'grand', 'caravan-se-plus']"
77054,"['denver', '2020', 'honda', 'odyssey', 'ex-w-navi-res']"
77056,"['denver', '2019', 'dodge', 'grand', 'caravan-sxt']"
77057,"['denver', '2019', 'dodge', 'grand', 'caravan-sxt']"
77146,"['denver', '2019', 'honda', 'pilot', 'ex-2wd-black']"
77148,"['denver', '2020', 'kia', 'soul', 'line-ivt-white']"
80309,"['south', 'elgin', '2018', 'volvo', 's60-t5-awd-in-ion']"
83124,['d']
83945,['d']
83946,['d']
84047,['d']
84048,['d']
84049,['d']
84201,['d']
84538,['d']
84792,['d']
86792,"['new', 'smyrna', 'beach', '2019', 'chevrolet-express']"
87282,"['new', 'smyrna', 'beach', '2018', 'ford-transit']"
87291,"['new', 'smyrna', 'beach', '2018', 'ford-transit']"
87800,"['new', 'smyrna', 'beach', '2019', 'nissan-nv200']"
88166,"['new', 'smyrna', 'beach', '2019', 'ford-super-duty']"
88353,"['new', 'smyrna', 'beach', '2019', 'ford-l-v88']"
88648,"['new', 'smyrna', 'beach', '2019', 'gmc-acadia-6k']"
88649,"['new', 'smyrna', 'beach', '2018', 'chevrolet-4500']"
88667,"['new', 'smyrna', 'beach', '2019', 'ford-transit-van']"
88931,"['new', 'smyrna', 'beach', '2019', 'ford-l-v88']"
88936,"['summerland', 'key', '2005', 'excursion']"
90080,['d']
91665,['d']
92015,"['gainesville', '2018', 'hyundai', 'santa', 'fe-sport']"
92016,"['gainesville', '2018', 'chevrolet', 'traverse', 'fwd']"
92146,"['gainesville', '2018', 'jeep', 'renegade', 'altitude']"
92149,"['gainesville', '2020', 'subaru', 'ascent', 'limited']"
92150,"['gainesville', '2018', 'mini', 'cooper', 'countryman']"
92184,"['gainesville', '2018', 'ford', 'transit', 'van-low']"
92187,"['gainesville', '2019', 'kia', 'sorento', 'sx-limited']"
92193,"['gainesville', '2018', 'chevrolet', 'colorado', '4wd']"
92194,"['gainesville', '2018', 'jeep', 'wrangler', 'jk']"
92285,"['gainesville', '2020', 'bmw', 'x3', 'sdrive30i']"
92286,"['gainesville', '2018', 'alfa', 'romeo', 'stelvio-ti']"
92477,"['gainesville', '2019', 'honda', 'cr', 'lx-2wd']"
92481,"['gainesville', '2020', 'kia', 'optima', 'sx']"
92482,"['gainesville', '2018', 'nissan', 'rogue', 'fwd-sv']"
92483,"['gainesville', '2020', 'volkswagen', 'tiguan', '20t']"
92499,"['gainesville', '2019', 'hyundai', 'veloster', '20']"
92500,"['gainesville', '2019', 'jaguar', 'pace', '25t']"
92506,"['gainesville', '2018', 'volkswagen', 'atlas', '36l']"
92507,"['gainesville', '2019', 'toyota', 'corolla', 'le-cvt']"
92510,"['gainesville', '2019', 'ram', '1500', 'big-horn-4x2']"
92569,"['gainesville', '2019', 'ram', '1500', 'big-horn-4x2']"
92573,"['gainesville', '2019', 'chrysler', 'pacifica']"
92574,"['gainesville', '2018', 'chevrolet', 'equinox', 'fwd']"
92685,"['royal', 'palm', 'beach', '2020', 'bmw-m8']"
92700,"['new', 'smyrna', 'beach', '2019', 'gmc-savana-cargo']"
93863,"['royal', 'palm', 'beach', '2019', 'ram-1500-big-horn']"
95866,"['royal', 'palm', 'beach', '2019', 'ram-1500-big-horn']"
96643,"['new', 'smyrna', 'beach', '2019', 'ford-super-duty']"
96644,"['new', 'smyrna', 'beach', '2018', 'chevrolet-malibu']"
96648,"['new', 'smyrna', 'beach', '2019', 'chevrolet']"
97223,"['new', 'smyrna', 'beach', '2019', 'ford-super-duty']"
97227,"['new', 'smyrna', 'beach', '2019', 'ford-transit-van']"
99061,"['new', 'smyrna', 'beach', '2019', 'gmc-savana-cargo']"
99071,"['new', 'smyrna', 'beach', '2018', 'ford-l-v6']"
101969,"['royal', 'palm', 'beach', '2019', 'lincoln-mkc']"
101979,"['royal', 'palm', 'beach', '2019', 'ram-1500-big-horn']"
101986,"['royal', 'palm', 'beach', '2020', 'bmw-m8']"
101987,"['royal', 'palm', 'beach', '2018', 'bmw-series-430i']"
102775,"['new', 'smyrna', 'beach', '2019', 'ford-transit-van']"
103538,"['new', 'smyrna', 'beach', '2018', 'chevrolet-4500']"
103539,"['new', 'smyrna', 'beach', '2018', 'chevrolet-malibu']"
104502,"['royal', 'palm', 'beach', '2018', 'mini-cooper']"
104504,"['royal', 'palm', 'beach', '2019', 'ram-1500-big-horn']"
104506,"['royal', 'palm', 'beach', '2020', 'bmw-m8']"
104912,"['bradenton', '2019', 'chevrolet', 'colorado', 'z71']"
105816,"['bradenton', '2019', 'chevrolet', 'colorado', 'z71']"
106725,['d']
106906,['d']
106957,['d']
106958,['d']
106996,['d']
107662,['d']
107746,['d']
107839,['d']
108031,['d']
108065,['d']
108536,['d']
108557,['d']
108603,['d']
108683,['d']
108764,['d']
108788,['d']
108989,['d']
108997,['d']
109016,['d']
109038,['d']
109055,['d']
109056,['d']
110286,"['new', 'smyrna', 'beach', '2018', 'chevrolet-4500']"
110291,"['new', 'smyrna', 'beach', '2019', 'ford-transit-van']"
110519,"['new', 'smyrna', 'beach', '2018', 'chevrolet-malibu']"
111198,"['oklahoma', 'city', '2019', 'fuso', 'crew-cab']"
115479,"['new', 'smyrna', 'beach', '2019', 'gmc-acadia-6k']"
115497,"['new', 'smyrna', 'beach', '2019', 'ford-transit-van']"
117314,['d']
118031,['d']
119605,"['new', 'smyrna', 'beach', '2018', 'ford-transit-van']"
119606,"['new', 'smyrna', 'beach', '2018', 'chevrolet-4500']"
119608,"['new', 'smyrna', 'beach', '2019', 'chevrolet']"
122391,"['new', 'smyrna', 'beach', '2019', 'gmc-savana-cargo']"
122392,"['new', 'smyrna', 'beach', '2019', 'ford-l-v88']"
122393,"['new', 'smyrna', 'beach', '2019', 'ford-transit-van']"
122892,['d']
122900,['d']
123064,['d']
123082,['d']
123084,['d']
123087,['d']
123389,['d']
123418,['d']
123466,['d']
123496,['d']
123502,['d']
123747,['d']
123940,['d']
123956,['d']
123970,['d']
124192,['d']
124197,['d']
124205,['d']
124208,['d']
124458,['d']
124472,['d']
124503,['d']
124506,['d']
124559,['d']
124659,['d']
124681,['d']
124761,['d']
124767,['d']
124807,['d']
124809,['d']
124832,['d']
124837,['d']
124850,['d']
124853,['d']
125051,['d']
135316,['d']
136682,['d']
137018,['d']
137024,['d']
137099,['d']
152267,"['oklahoma', 'city', '2020', 'mitsubishi', 'fe160g']"
156453,"['omaha', '2019', 'chevrolet', 'equinox', 'fwd-4dr-lt']"
156500,"['omaha', '2018', 'gmc', 'sierra', 'wd-crew-cab-1435']"
156504,"['omaha', '2019', 'honda', 'civic', 'sedan-lx-cvt']"
156519,"['omaha', '2019', 'honda', 'accord', 'sedan-sport-15t']"
156531,"['omaha', '2019', 'ford', 'ranger', 'xlt-4wd']"
156546,"['council', 'bluffs', '2018', 'nissan', 'rogue-awd-sv']"
156547,"['council', 'bluffs', '2018', 'nissan', 'frontier']"
156548,"['council', 'bluffs', '2018', 'gmc', 'acadia-awd-4dr']"
156551,"['council', 'bluffs', '2018', 'tesla', 'model-long']"
156552,"['council', 'bluffs', '2019', 'nissan', 'rogue-fwd']"
156793,"['omaha', '2019', 'nissan', 'rogue', 'sport-awd-sv']"
156801,"['omaha', '2018', 'chevrolet', 'equinox', 'awd-4dr']"
156847,"['omaha', '2018', 'dodge', 'charger', 'sxt-plus-rwd']"
156849,"['omaha', '2018', 'ford', 'flex', 'sel-awd-oxford']"
156859,"['omaha', '2020', 'honda', 'civic', 'sedan-sport-cvt']"
156868,"['omaha', '2020', 'honda', 'civic', 'si-coupe-manual']"
156879,"['omaha', '2018', 'gmc', 'terrain', 'fwd-4dr-sle']"
156884,"['omaha', '2019', 'subaru', 'impreza', '20i-door']"
156911,"['council', 'bluffs', '2018', 'nissan', 'altima-25-sr']"
156913,"['council', 'bluffs', '2018', 'chevrolet', 'traverse']"
156918,"['council', 'bluffs', '2019', 'subaru', 'outback-36r']"
156919,"['council', 'bluffs', '2020', 'buick', 'enclave-fwd']"
156920,"['council', 'bluffs', '2019', 'honda', 'cr-ex-awd']"
156990,"['omaha', '2018', 'chevrolet', 'traverse', 'awd-4dr']"
157065,"['omaha', '2018', 'gmc', 'acadia', 'fwd-4dr-denali']"
157085,"['omaha', '2019', 'subaru', 'crosstrek', '20i-premium']"
157088,"['omaha', '2018', 'nissan', 'frontier', 'crew-cab-4x4']"
157095,"['omaha', '2019', 'honda', 'civic', 'si-coupe-manual']"
157104,"['council', 'bluffs', '2019', 'nissan', 'rogue-sport']"
157105,"['council', 'bluffs', '2018', 'jeep', 'grand-cherokee']"
157107,"['council', 'bluffs', '2019', 'nissan', 'murano-awd']"
157127,"['omaha', '2018', 'mazda', 'mazda3', 'door-touring']"
157131,"['omaha', '2020', 'honda', 'civic', 'hatchback-ex-cvt']"
157140,"['omaha', '2020', 'gmc', 'yukon', '4wd-4dr-denali']"
157143,"['omaha', '2018', 'ford', 'focus', 'sel-sedan']"
157147,"['omaha', '2018', 'mazda', 'cx', 'sport-awd-jet-black']"
157149,"['omaha', '2019', 'mazda', 'mx', 'miata-rf-club']"
157158,"['omaha', '2020', 'dodge', 'charger', 'scat-pack-rwd']"
157160,"['omaha', '2018', 'mazda', 'mazda6', 'grand-touring']"
157174,"['omaha', '2018', 'dodge', 'challenger', 't-scat-pack']"
157176,"['council', 'bluffs', '2018', 'mazda', 'mazda3-door']"
157177,"['council', 'bluffs', '2018', 'ford', 'explorer']"
157178,"['council', 'bluffs', '2019', 'honda', 'civic-sedan']"
157179,"['council', 'bluffs', '2018', 'mazda', 'cx-touring-awd']"
157185,"['omaha', '2019', 'subaru', 'outback', '36r-limited']"
157282,"['omaha', '2018', 'subaru', 'impreza', '20i-sport']"
157283,"['omaha', '2018', 'subaru', 'wrx', 'premium-manual']"
157287,"['omaha', '2020', 'tesla', 'model', 'long-range-awd']"
157380,"['omaha', '2018', 'tesla', 'model', 'long-range']"
157385,"['council', 'bluffs', '2018', 'subaru', 'impreza-20i']"
157387,"['council', 'bluffs', '2019', 'subaru', 'outback-25i']"
157405,"['council', 'bluffs', '2019', 'subaru', 'wrx-manual']"
157526,"['omaha', '2018', 'nissan', 'altima', '25-sr-sedan']"
157531,"['omaha', '2019', 'chevrolet', 'equinox', 'awd-4dr']"
157585,"['omaha', '2018', 'ford', '150', 'xlt-4wd-supercrew']"
157622,"['council', 'bluffs', '2018', 'ford', 'fusion-se-fwd']"
157623,"['council', 'bluffs', '2019', 'honda', 'civic-sedan']"
157624,"['council', 'bluffs', '2020', 'toyota', 'corolla']"
157694,"['omaha', '2020', 'buick', 'enclave', 'fwd-4dr-avenir']"
157695,"['omaha', '2019', 'volkswagen', 'jetta', '14t-line']"
157731,"['omaha', '2019', 'subaru', 'forester', '25i-premium']"
157756,"['council', 'bluffs', '2018', 'mercedes', 'benz']"
157757,"['council', 'bluffs', '2018', 'nissan', 'kicks-sv-fwd']"
157865,"['omaha', '2018', 'subaru', 'crosstrek', '20i-limited']"
157896,"['omaha', '2019', 'ford', 'fusion', 'sel-fwd-blue']"
157975,"['omaha', '2020', 'mazda', 'mx', 'miata-rf-grand']"
157996,"['omaha', '2018', 'nissan', 'pathfinder', '4x4-sl-gun']"
157997,"['omaha', '2018', 'subaru', 'brz', 'premium-manual']"
158000,"['omaha', '2019', 'subaru', 'crosstrek', '20i-premium']"
158003,"['council', 'bluffs', '2019', 'honda', 'civic']"
158009,"['council', 'bluffs', '2018', 'gmc', 'terrain-awd-4dr']"
158010,"['council', 'bluffs', '2018', 'buick', 'enclave-awd']"
158011,"['council', 'bluffs', '2018', 'dodge', 'charger-gt-awd']"
158103,"['omaha', '2018', 'dodge', 'durango', 'srt-awd-octane']"
158119,"['omaha', '2018', 'chevrolet', 'traverse', 'awd-4dr']"
158125,"['omaha', '2019', 'buick', 'enclave', 'fwd-4dr-avenir']"
158134,"['omaha', '2018', 'ford', 'focus', 'se-hatch-ingot']"
158146,"['council', 'bluffs', '2019', 'chevrolet', 'trax-fwd']"
158147,"['council', 'bluffs', '2018', 'chevrolet', 'tahoe-4wd']"
158149,"['council', 'bluffs', '2018', 'chevrolet', 'cruze-4dr']"
158150,"['council', 'bluffs', '2019', 'chevrolet', 'cruze-4dr']"
158152,"['council', 'bluffs', '2019', 'honda', 'civic']"
158239,"['omaha', '2020', 'chevrolet', 'impala', '4dr-sedan']"
158246,"['omaha', '2018', 'ford', 'transit', 'van-med-rf-9000']"
158252,"['omaha', '2018', 'acura', 'tlx', '24l-fwd-lunar']"
158268,"['council', 'bluffs', '2018', 'ford', 'focus-st-hatch']"
158311,"['omaha', '2019', 'chevrolet', 'equinox', 'fwd-4dr-lt']"
158313,"['omaha', '2018', 'mazda', 'mazda3', 'door-touring']"
158318,"['omaha', '2018', 'subaru', 'crosstrek', '20i-cvt']"
158336,"['omaha', '2019', 'chevrolet', 'traverse', 'awd-4dr']"
158338,"['council', 'bluffs', '2018', 'nissan', 'murano-awd-sv']"
158339,"['council', 'bluffs', '2018', 'mazda', 'cx-signature']"
158342,"['council', 'bluffs', '2018', 'buick', 'enclave-awd']"
158343,"['council', 'bluffs', '2019', 'honda', 'passport-ex']"
158431,"['omaha', '2018', 'subaru', 'crosstrek', '20i-cvt']"
158437,"['omaha', '2018', 'gmc', 'sierra', '2500hd-4wd-crew']"
158464,"['omaha', '2018', 'subaru', 'legacy', '25i-premium']"
158490,"['council', 'bluffs', '2018', 'gmc', 'terrain-awd-4dr']"
158540,"['council', 'bluffs', '2018', 'nissan', 'murano-awd-sl']"
158665,"['omaha', '2018', 'chevrolet', 'colorado', '4wd-crew']"
158671,"['omaha', '2019', 'subaru', 'crosstrek', '20i-limited']"
158676,"['omaha', '2018', 'jeep', 'cherokee', 'overland-4x4']"
158757,"['omaha', '2018', 'subaru', 'forester', '25i-cvt']"
158760,"['omaha', '2018', 'jeep', 'renegade', 'latitude-fwd']"
158891,"['omaha', '2018', 'chevrolet', 'traverse', 'awd-4dr']"
158905,"['omaha', '2019', 'dodge', 'durango', 'sxt-plus-awd']"
158907,"['omaha', '2019', 'volkswagen', 'golf', 'gti-20t']"
158919,"['omaha', '2018', 'nissan', 'frontier', 'crew-cab-4x4']"
158950,"['omaha', '2019', 'honda', 'civic', 'sedan-lx-cvt']"
158955,"['council', 'bluffs', '2018', 'honda', 'pilot-lx-awd']"
158963,"['council', 'bluffs', '2019', 'chevrolet', 'silverado']"
158981,"['omaha', '2018', 'chevrolet', 'cruze', '4dr-sedan']"
158995,"['omaha', '2018', 'mercedes', 'benz', 'gls-gls-450']"
159000,"['omaha', '2018', 'nissan', 'rogue', 'awd-glacier']"
159042,"['omaha', '2018', 'honda', 'civic', 'hatchback-ex-cvt']"
159044,"['omaha', '2020', 'volkswagen', 'jetta', 'se']"
159059,"['omaha', '2018', 'hyundai', 'accent', 'se-sedan']"
159062,"['omaha', '2018', 'chevrolet', 'cruze', '4dr-sedan']"
159073,"['council', 'bluffs', '2019', 'ford', 'escape-se-fwd']"
159096,"['omaha', '2019', 'honda', 'civic', 'si-coupe-manual']"
159120,"['omaha', '2019', 'honda', 'cr', 'ex-awd-platinum']"
159140,"['omaha', '2019', 'ram', '1500', 'classic-tradesman']"
159145,"['omaha', '2019', 'mazda', 'mazda3', 'door-fwd']"
159148,"['omaha', '2019', 'subaru', 'crosstrek', '20i-limited']"
159179,"['omaha', '2018', 'chevrolet', 'silverado', '2500hd']"
159185,"['omaha', '2019', 'dodge', 'charger', 'scat-pack-rwd']"
159186,"['omaha', '2018', 'honda', 'civic', 'sedan-lx-cvt']"
159198,"['omaha', '2019', 'chevrolet', 'silverado', '2500hd']"
159204,"['omaha', '2018', 'chevrolet', 'equinox', 'fwd-4dr-lt']"
159210,"['council', 'bluffs', '2019', 'jeep', 'cherokee']"
159213,"['council', 'bluffs', '2018', 'jeep', 'grand-cherokee']"
159216,"['council', 'bluffs', '2018', 'toyota', 'highlander']"
159301,"['omaha', '2019', 'nissan', 'rogue', 'fwd-sv-magnetic']"
163814,"['oklahoma', 'city', '2019', 'fuso', 'crew-cab']"
165783,"['wichita', 'we', 'buy', 'used', 'wheelchair-mobility']"
166638,"['oklahoma', 'city', '2020', 'mitsubishi', 'fe160g']"
166783,"['wichita', 'we', 'buy', 'used', 'wheelchair-mobility']"
172893,"['vicksburg', '2019', 'chevrolet', 'silverado']"
172940,"['vicksburg', '2019', 'ford', '150', '4x4-50l-v8-crew']"
172941,"['vicksburg', '2018', 'ford', 'super', 'duty-550-drw']"
173145,"['oklahoma', 'city', '2019', 'fuso', 'crew-cab']"
173327,"['vicksburg', '2019', 'chevrolet', 'silverado']"
173406,"['vicksburg', '2018', 'ford', 'transit', 'passenger']"
173407,"['vicksburg', '2019', 'nissan', 'nv200', 'compact']"
173413,"['vicksburg', '2019', 'chevrolet', 'silverado']"
173452,"['vicksburg', '2018', 'chevrolet', 'silverado', '1500']"
173465,"['vicksburg', '2019', 'ford', '150', '4x4-50l-v8-crew']"
173466,"['vicksburg', '2018', 'ford', 'super', 'duty-550-drw']"
173819,"['vicksburg', '2019', 'chevrolet', 'silverado']"
174519,"['vicksburg', '2019', 'nissan', 'nv200', 'compact']"
174522,"['vicksburg', '2018', 'ford', 'super', 'duty-350-drw']"
174546,"['vicksburg', '2019', 'chevrolet', 'silverado']"
174837,"['vicksburg', '2018', 'chevrolet', 'silverado', '1500']"
174904,"['vicksburg', '2019', 'ford', '150', '4x4-50l-v8-crew']"
174905,"['vicksburg', '2018', 'ford', 'super', 'duty-550-drw']"
175420,"['vicksburg', '2019', 'nissan', 'nv200', 'compact']"
175421,"['vicksburg', '2018', 'ford', 'super', 'duty-350-drw']"
175423,"['vicksburg', '2019', 'chevrolet', 'silverado']"
175476,"['oklahoma', 'city', '2020', 'mitsubishi', 'fe160g']"
175505,"['vicksburg', '2019', 'ford', '150', '4x4-50l-v8-crew']"
175506,"['vicksburg', '2018', 'ford', 'super', 'duty-550-drw']"
179176,"['broad', 'run', '2020', 'chevrolet', 'silverado']"
179478,"['broad', 'run', '2018', 'ford', 'transit-passenger']"
180047,"['broad', 'run', '2020', 'chevrolet', 'silverado']"
180048,"['broad', 'run', '2018', 'ford', 'super-duty-550-drw']"
180050,"['broad', 'run', '2019', 'chevrolet', 'silverado-md']"
180051,"['broad', 'run', '2019', 'chevrolet', 'silverado-md']"
183085,['d']
183943,['d']
184266,['d']
184594,['d']
185606,['d']
187274,"['indian', 'orchard', '2018', 'nissan', 'sentraone']"
188125,"['indian', 'orchard', '2018', 'nissan', 'sentraone']"
188981,"['south', 'elgin', 'brand', 'new', '2020-jeep']"
191271,"['west', 'brookfield', '2002', 'honda', 'odyssey-ex']"
194039,['d']
213685,['d']
213762,['d']
213892,['d']
214468,['d']
214525,['d']
214816,['d']
214918,['d']
215753,['d']
215778,['d']
218047,"['vicksburg', '2019', 'chevrolet', 'silverado']"
218203,"['vicksburg', '2018', 'ford', 'super', 'duty-350-drw']"
218207,"['vicksburg', '2019', 'chevrolet', 'silverado']"
218261,"['vicksburg', '2018', 'chevrolet', 'silverado', '1500']"
218277,"['vicksburg', '2019', 'ford', '150', '4x4-50l-v8-crew']"
218278,"['vicksburg', '2018', 'ford', 'super', 'duty-550-drw']"
218442,"['vicksburg', '2018', 'ford', 'super', 'duty-350-drw']"
218463,"['vicksburg', '2018', 'chevrolet', 'silverado', '1500']"
218474,"['vicksburg', '2018', 'ford', 'super', 'duty-550-drw']"
218647,"['vicksburg', '2019', 'chevrolet', 'silverado']"
218770,"['vicksburg', '2019', 'ford', 'super', 'duty-350-drw']"
218887,"['vicksburg', '2018', 'ford', 'transit', 'passenger']"
218888,"['vicksburg', '2018', 'ford', 'transit', 'passenger']"
218893,"['vicksburg', '2019', 'nissan', 'nv200', 'compact']"
218894,"['vicksburg', '2018', 'ford', 'super', 'duty-350-drw']"
218895,"['vicksburg', '2019', 'chevrolet', 'silverado']"
218955,"['vicksburg', '2018', 'chevrolet', 'silverado', '1500']"
218972,"['vicksburg', '2018', 'ford', 'super', 'duty-550-drw']"
218985,"['vicksburg', '2019', 'ford', '150', '4x4-50l-v8-crew']"
219044,"['vicksburg', '2018', 'ford', 'super', 'duty-550-drw']"
219182,"['vicksburg', '2019', 'chevrolet', 'silverado']"
219360,"['vicksburg', '2018', 'ford', 'transit', 'passenger']"
219369,"['vicksburg', '2019', 'chevrolet', 'silverado']"
219437,"['vicksburg', '2018', 'chevrolet', 'silverado', '1500']"
219467,"['vicksburg', '2019', 'ford', '150', '4x4-50l-v8-crew']"
219571,"['vicksburg', '2019', 'chevrolet', 'silverado']"
221991,"['oklahoma', 'city', '2020', 'mitsubishi', 'fe160g']"
224139,"['oklahoma', 'city', '2019', 'fuso', 'crew-cab']"
235569,"['broad', 'run', '2018', 'ford', 'super-duty-250-srw']"
235572,"['broad', 'run', '2020', 'chevrolet', 'silverado']"
235573,"['broad', 'run', '2020', 'chevrolet', 'silverado']"
235574,"['broad', 'run', '2020', 'chevrolet', 'silverado']"
236536,"['broad', 'run', '2020', 'chevrolet', 'silverado']"
236537,"['broad', 'run', '2020', 'chevrolet', 'silverado-md']"
236539,"['broad', 'run', '2021', 'chevrolet', '4500hd-lcf']"
236541,"['broad', 'run', '2020', 'chevrolet', 'silverado']"
236542,"['broad', 'run', '2020', 'chevrolet', 'silverado-md']"
242282,"['trinity', '1965', 'chevrolet', 'truck']"
250701,"['oklahoma', 'city', '2020', 'mitsubishi', 'fe160g']"
251009,"['denver', '2019', 'dodge', 'grand', 'caravan-se-gray']"
251011,"['denver', '2019', 'dodge', 'grand', 'caravan-sxt']"
251019,"['denver', '2019', 'chrysler', 'pacifica', 'touring']"
251023,"['denver', '2019', 'honda', 'pilot', 'ex-2wd-silver']"
251024,"['denver', '2018', 'toyota', 'sienna', 'limited']"
251033,"['denver', '2020', 'honda', 'odyssey', 'ex-automatic']"
251034,"['denver', '2019', 'honda', 'pilot', 'ex-2wd-white']"
251040,"['denver', '2019', 'dodge', 'grand', 'caravan-se-white']"
251045,"['denver', '2019', 'dodge', 'grand', 'caravan-sxt']"
251046,"['denver', '2019', 'dodge', 'grand', 'caravan-se-plus']"
251047,"['denver', '2020', 'honda', 'odyssey', 'ex-w-navi-res']"
251048,"['denver', '2019', 'dodge', 'grand', 'caravan-sxt']"
251055,"['denver', '2019', 'dodge', 'grand', 'caravan-sxt-gray']"
251057,"['denver', '2019', 'honda', 'pilot', 'ex-2wd-black']"
251058,"['denver', '2018', 'toyota', 'sienna', 'le-automatic']"
251060,"['denver', '2020', 'kia', 'soul', 'line-ivt-white']"
251061,"['denver', '2019', 'dodge', 'grand', 'caravan-se-gray']"
251063,"['denver', '2019', 'dodge', 'grand', 'caravan-sxt']"
251066,"['denver', '2019', 'chrysler', 'pacifica', 'touring']"
251069,"['denver', '2019', 'honda', 'pilot', 'ex-2wd-silver']"
251072,"['denver', '2018', 'toyota', 'sienna', 'limited']"
251077,"['denver', '2020', 'honda', 'odyssey', 'ex-automatic']"
251078,"['denver', '2018', 'dodge', 'grand', 'caravan-sxt']"
251080,"['denver', '2019', 'honda', 'pilot', 'ex-2wd-white']"
251084,"['denver', '2019', 'toyota', 'sienna', 'le-automatic']"
251085,"['denver', '2020', 'toyota', 'sienna', 'xle-automatic']"
251087,"['denver', '2019', 'dodge', 'grand', 'caravan-sxt']"
251088,"['denver', '2019', 'dodge', 'grand', 'caravan-se-plus']"
251089,"['denver', '2020', 'honda', 'odyssey', 'ex-w-navi-res']"
251091,"['denver', '2019', 'dodge', 'grand', 'caravan-sxt']"
251096,"['denver', '2019', 'dodge', 'grand', 'caravan-sxt-gray']"
251097,"['denver', '2019', 'honda', 'pilot', 'ex-2wd-black']"
251227,"['american', 'fork', '2019', 'ford', 'expedition-max']"
251267,"['scottsdale', '2019', 'chevrolet', 'silverado']"
251408,"['scottsdale', '2020', 'ford', 'super', 'duty-250-srw']"
251640,"['scottsdale', '2019', 'gmc', 'sierra', '1500-lifted']"
251693,"['scottsdale', '2018', 'chevrolet', 'silverado']"
251704,"['american', 'fork', '2020', 'ford', 'super-duty-350']"
251730,"['american', 'fork', '2020', 'ford', 'super-duty-350']"
251764,"['scottsdale', '2019', 'chevrolet', 'silverado']"
251765,"['american', 'fork', '2019', 'ford', 'super-duty-350']"
251994,"['scottsdale', '2019', 'ford', 'super', 'duty-350-srw']"
252097,"['scottsdale', '2019', 'gmc', 'sierra', '1500-lifted']"
252102,"['american', 'fork', '2019', 'ford', 'super-duty-350']"
252126,"['american', 'fork', '2019', 'ford', 'super-duty-350']"
252139,"['tempe', '2020', 'chevrolet', 'silverado', '1500']"
252142,"['scottsdale', '2020', 'gmc', 'sierra', '3500hd-2020']"
252143,"['tempe', '2020', 'gmc', 'sierra', '1500-lifted']"
252144,"['american', 'fork', '2020', 'nissan', 'nv-passenger']"
252149,"['tempe', '2018', 'ford', '150', 'lifted-35l-ecoboost']"
252259,"['scottsdale', '2020', 'gmc', 'sierra', '1500-lifted']"
252292,"['american', 'fork', '2020', 'ford', 'super-duty-350']"
252314,"['scottsdale', '2018', 'chevrolet', 'silverado']"
252315,"['american', 'fork', '2020', 'ford', 'expedition-max']"
252427,"['scottsdale', '2020', 'gmc', 'sierra', '2500hd']"
252508,"['scottsdale', '2020', 'chevrolet', 'silverado']"
252523,"['american', 'fork', '2020', 'ford', 'super-duty-350']"
252554,"['american', 'fork', '2019', 'chevrolet', 'silverado']"
252614,"['american', 'fork', '2018', 'ford', '150-xlt-oxford']"
252620,"['scottsdale', '2020', 'gmc', 'sierra', '3500hd']"
252828,"['scottsdale', '2020', 'gmc', 'sierra', '3500hd']"
252990,"['american', 'fork', '2020', 'ford', 'super-duty-350']"
253061,"['scottsdale', '2020', 'chevrolet', 'silverado']"
253063,"['american', 'fork', '2018', 'chevrolet', 'colorado']"
253243,"['scottsdale', '2020', 'chevrolet', 'silverado']"
253275,"['scottsdale', '2019', 'gmc', 'sierra', '1500-lifted']"
253279,"['american', 'fork', '2020', 'jeep', 'gladiator']"
253292,"['american', 'fork', '2020', 'gmc', 'sierra-3500hd']"
253338,"['scottsdale', '2019', 'ford', '150', 'xlt-4wd']"
253340,"['american', 'fork', '2020', 'gmc', 'sierra-3500hd']"
253359,"['tempe', '2019', 'ford', '150', 'lifted-4x4-ecoboost']"
253361,"['tempe', '2018', 'ford', '150', 'lifted-50l-coyote']"
253455,"['american', 'fork', '2020', 'gmc', 'sierra-3500hd']"
253462,"['american', 'fork', '2020', 'gmc', 'sierra-3500hd']"
253470,"['american', 'fork', '2018', 'ford', '150-lariat-fx4']"
253490,"['scottsdale', '2019', 'ford', 'super', 'duty-250-srw']"
253567,"['scottsdale', '2020', 'gmc', 'sierra', '1500-new']"
253626,"['scottsdale', '2019', 'gmc', 'sierra', 'brand-new']"
253899,"['american', 'fork', '2018', 'chevrolet', 'silverado']"
253914,"['scottsdale', '2018', 'chevrolet', 'silverado']"
253920,"['american', 'fork', '2020', 'chevrolet', 'silverado']"
255085,"['asbury', 'park', '2018', 'honda', 'civic-sedan-lx']"
256035,"['asbury', 'park', '2018', 'jaguar', 'pace-25t']"
256334,"['asbury', 'park', '2018', 'honda', 'pilot-ex-awd']"
256541,"['asbury', 'park', '2018', 'volkswagen', 'atlas-36l']"
256772,"['asbury', 'park', '2019', 'dodge', 'journey']"
259438,"['jersey', 'city', '2018', 'dodge', 'journey-gt-fwd']"
267746,"['denver', '2019', 'dodge', 'grand', 'caravan-se-gray']"
267747,"['denver', '2019', 'dodge', 'grand', 'caravan-sxt-gray']"
267782,"['denver', '2019', 'chrysler', 'pacifica', 'touring']"
267827,"['denver', '2018', 'toyota', 'sienna', 'limited']"
267868,"['denver', '2019', 'honda', 'pilot', 'ex-2wd-silver']"
267872,"['denver', '2020', 'honda', 'odyssey', 'ex-automatic']"
267881,"['denver', '2019', 'dodge', 'grand', 'caravan-sxt']"
267911,"['denver', '2019', 'dodge', 'grand', 'caravan-se-white']"
267943,"['denver', '2019', 'toyota', 'sienna', 'le-automatic']"
267944,"['denver', '2019', 'dodge', 'grand', 'caravan-se-plus']"
267945,"['denver', '2020', 'honda', 'odyssey', 'ex-w-navi-res']"
267952,"['denver', '2019', 'dodge', 'grand', 'caravan-sxt']"
267953,"['denver', '2019', 'dodge', 'grand', 'caravan-sxt']"
268017,"['denver', '2019', 'honda', 'pilot', 'ex-2wd-white']"
268030,"['denver', '2019', 'honda', 'pilot', 'ex-2wd-black']"
268031,"['denver', '2020', 'kia', 'soul', 'line-ivt-white']"
268056,"['denver', '2018', 'toyota', 'sienna', 'le-automatic']"
268057,"['denver', '2019', 'dodge', 'grand', 'caravan-se-gray']"
268091,"['denver', '2019', 'dodge', 'grand', 'caravan-sxt-gray']"
268121,"['denver', '2019', 'chrysler', 'pacifica', 'touring']"
268143,"['denver', '2018', 'toyota', 'sienna', 'limited']"
268184,"['denver', '2019', 'honda', 'pilot', 'ex-2wd-silver']"
268195,"['denver', '2020', 'honda', 'odyssey', 'ex-automatic']"
268199,"['denver', '2018', 'dodge', 'grand', 'caravan-sxt']"
268222,"['denver', '2019', 'dodge', 'grand', 'caravan-sxt']"
268238,"['denver', '2019', 'toyota', 'sienna', 'le-automatic']"
268239,"['denver', '2020', 'toyota', 'sienna', 'xle-automatic']"
268253,"['denver', '2019', 'dodge', 'grand', 'caravan-se-plus']"
268254,"['denver', '2020', 'honda', 'odyssey', 'ex-w-navi-res']"
268280,"['denver', '2019', 'dodge', 'grand', 'caravan-sxt']"
268283,"['denver', '2019', 'dodge', 'grand', 'caravan-sxt']"
268309,"['denver', '2019', 'honda', 'pilot', 'ex-2wd-white']"
268324,"['denver', '2019', 'honda', 'pilot', 'ex-2wd-black']"
268329,"['denver', '2020', 'kia', 'soul', 'line-ivt-white']"
270749,"['south', 'elgin', 'brand', 'new', '2020-jeep']"
276409,"['westtown', '2007', 'ford', '150']"
276410,"['westtown', 'silverado', '2000']"
276411,"['poughquag', '2015', 'acura', 'rdx', 'warranty']"
286546,"['oklahoma', 'city', '2020', 'mitsubishi', 'fe160g']"
291657,"['fayetteville', '2019', 'zero', 'ssss', 'title-to']"
298212,"['broad', 'run', '2019', 'chevrolet', 'silverado']"
326389,"['grants', 'pass', 'two', '2002', 'bmw-tii']"
328944,['d']
328948,['d']
328949,['d']
328955,['d']
328959,['d']
328960,['d']
328962,['d']
333073,"['tire', 'hill', '2018', 'subaru', 'impreza-20i-door']"
333105,"['tire', 'hill', '2019', 'infiniti', 'qx60-luxe-awd']"
333156,"['tire', 'hill', '2019', 'toyota', '4runner-trd-off']"
333157,"['tire', 'hill', '2018', 'nissan', 'rogue-all-wheel']"
333276,"['tire', 'hill', '2018', 'subaru', 'impreza-20i-door']"
333312,"['tire', 'hill', '2018', 'jeep', 'wrangler-jk']"
333342,"['tire', 'hill', '2019', 'infiniti', 'qx60-luxe-awd']"
333893,"['erie', '2012', 'suzuki', 'sx4']"
338257,"['broad', 'run', '2020', 'chevrolet', 'silverado']"
339440,"['broad', 'run', '2020', 'chevrolet', 'silverado']"
339441,"['broad', 'run', '2020', 'chevrolet', 'silverado-md']"
341629,"['broad', 'run', '2020', 'chevrolet', 'silverado-md']"
349963,"['broad', 'run', '2018', 'ford', 'edge-edge-sport-awd']"
357785,"['oklahoma', 'city', '2019', 'fuso', 'crew-cab']"
363849,"['memphis', '2019', 'honda', 'civic', 'sedan-lx-cvt']"
363850,"['memphis', '2018', 'nissan', 'altima', '25-sv-sedan']"
363950,"['memphis', '2019', 'gmc', 'terrain', 'fwd-4dr-slt']"
364046,"['memphis', '2018', 'subaru', 'legacy', '25i-premium']"
364047,"['memphis', '2019', 'hyundai', 'tucson', 'se-fwd']"
364088,"['memphis', '2018', 'volkswagen', 'passat', '20t-line']"
364275,"['memphis', '2019', 'chevrolet', 'cruze', '4dr-sedan']"
364301,"['memphis', '2019', 'chevrolet', 'malibu', '4dr-sedan']"
364302,"['memphis', '2019', 'nissan', 'sentra', 'cvt']"
364385,"['memphis', '2020', 'nissan', 'altima', '25-sedan']"
364463,"['memphis', '2019', 'nissan', 'altima', '25-sedan-gun']"
364464,"['memphis', '2020', 'nissan', 'altima', '25-sr-sedan']"
364590,"['memphis', '2019', 'dodge', 'grand', 'caravan-gt']"
364668,"['memphis', '2019', 'nissan', 'versa', 'sedan-sv-cvt']"
364669,"['memphis', '2019', 'nissan', 'versa', 'sedan-sv-cvt']"
364814,"['memphis', '2020', 'chevrolet', 'malibu', '4dr-sedan']"
364815,"['memphis', '2019', 'ford', 'ecosport', 'titanium-fwd']"
364864,"['memphis', '2019', 'nissan', 'rogue', 'sport-awd']"
364906,"['memphis', '2019', 'ford', 'fusion', 'sel-fwd']"
364968,"['memphis', '2018', 'hyundai', 'tucson']"
365026,"['memphis', '2019', 'ford', 'fusion', 'hybrid-sel-fwd']"
365084,"['memphis', '2019', 'kia', 'optima', 'lx-automatic']"
365085,"['memphis', '2019', 'hyundai', 'santa', 'fe-se-24l']"
365137,"['memphis', '2019', 'kia', 'optima', 'lx-automatic']"
365176,"['memphis', '2020', 'hyundai', 'elantra', 'sel-ivt']"
365177,"['memphis', '2019', 'dodge', 'journey', 'crossroad']"
365236,"['memphis', '2019', 'chevrolet', 'malibu', '4dr-sedan']"
365268,"['oklahoma', 'city', '2019', 'fuso', 'crew-cab']"
365302,"['memphis', '2019', 'ford', 'fusion', 'sel-fwd-black']"
365354,"['memphis', '2018', 'subaru', 'legacy', '25i-premium']"
365390,"['memphis', '2019', 'hyundai', 'tucson', 'se-fwd']"
365489,"['memphis', '2018', 'volkswagen', 'passat', '20t-line']"
365551,"['memphis', '2019', 'chevrolet', 'cruze', '4dr-sedan']"
365612,"['memphis', '2019', 'chevrolet', 'malibu', '4dr-sedan']"
365613,"['memphis', '2019', 'kia', 'sorento', 'lx-v6-awd']"
365658,"['memphis', '2019', 'nissan', 'sentra', 'cvt']"
365781,"['nashville', '2020', 'toyota', 'corolla', '2020']"
365800,"['nashville', '2018', 'chevrolet', 'camaro', 'hot']"
365811,"['nashville', '2020', 'toyota', 'corolla', '2020']"
365834,"['nashville', '2020', 'toyota', 'corolla', '2020']"
365893,"['nashville', '2018', 'chrysler', 'pacifica', '2018']"
365934,"['nashville', '2019', 'chevrolet', 'silverado']"
366033,"['mount', 'juliet', '2020', 'nissan', 'altima-25']"
366067,"['mount', 'juliet', '2019', 'toyota', 'highlander-le']"
366101,"['mount', 'juliet', '2019', 'toyota', 'camry-se']"
366102,"['nashville', '2018', 'ford', 'ford', '150-crew-xlt']"
366162,"['nashville', '2019', 'chevrolet', 'colorado', 'zr2']"
366184,"['mount', 'juliet', '2019', 'mercedes', 'benz']"
366239,"['smyrna', '2019', 'hyundai', 'elantra', 'under']"
366250,"['nashville', '2018', 'toyota', 'camry', '2018-toyota']"
366410,"['mount', 'juliet', '2019', 'nissan', 'leaf-hatchback']"
366441,"['mount', 'juliet', '2020', 'chevrolet', 'silverado']"
366498,"['mount', 'juliet', '2020', 'ram', '1500-classic-slt']"
366858,"['smyrna', '2018', 'nissan', 'versa', 'note-owner-veh']"
366947,"['mount', 'juliet', '2018', 'subaru', 'outback-25i']"
366965,"['mount', 'juliet', '2018', 'subaru', 'legacy-25i']"
366991,"['mount', 'juliet', '2019', 'nissan', 'murano-fwd-sl']"
366996,"['nashville', '2018', 'jeep', 'grand', 'cherokee-2018']"
367019,"['mount', 'juliet', '2019', 'mercedes', 'benz-class']"
367165,"['mount', 'juliet', '2020', 'bmw', 'series-330i-jet']"
367251,"['mount', 'juliet', '2020', 'jeep', 'grand-cherokee']"
367434,"['mount', 'juliet', '2020', 'ford', '150-xlt-2wd']"
367442,"['mount', 'juliet', '2020', 'ford', '150-xlt-4wd']"
367451,"['mount', 'juliet', '2020', 'ford', '150-supercrew']"
367469,"['mount', 'juliet', '2018', 'dodge', 'grand-caravan']"
367501,"['mount', 'juliet', '2019', 'dodge', 'grand-caravan']"
367503,"['nashville', '2019', 'ford', 'mustang', '2019-ford']"
367531,"['nashville', '2018', 'subaru', 'outback', 'to-make']"
367599,"['nashville', '2018', 'ford', 'fusion', 'hybrid-one']"
367652,"['nashville', '2019', 'honda', 'insight', 'hybrid-to']"
367676,"['nashville', '2018', 'volkswagen', 'atlas', '36l-v6']"
367724,"['mount', 'juliet', '2020', 'chrysler', 'pacifica']"
367811,"['smyrna', '2019', 'hyundai', 'elantra', 'under']"
367921,"['mount', 'juliet', '2019', 'mini', 'cooper-e']"
368200,"['mount', 'juliet', '2019', 'chevrolet', 'malibu-4dr']"
368241,"['nashville', '2020', 'toyota', 'corolla', '2020']"
368246,"['mount', 'juliet', '2019', 'toyota', 'prius-prime']"
368258,"['nashville', '2020', 'toyota', 'corolla', '2020']"
368270,"['mount', 'juliet', '2019', 'chevrolet', 'equinox-awd']"
368273,"['nashville', '2020', 'toyota', 'corolla', '2020']"
368284,"['nashville', '2018', 'chrysler', 'pacifica', '2018']"
368368,"['mount', 'juliet', '2020', 'chevrolet', 'spark-4dr']"
368371,"['nashville', '2019', 'chevrolet', 'silverado']"
368418,"['smyrna', '2018', 'nissan', 'versa', 'note-owner-veh']"
369303,"['bristol', '2018', 'toyota', 'rav4', 'xle-fwd-super']"
369579,"['bristol', '2019', 'nissan', 'sentra', 'sv-brilliant']"
369622,"['oklahoma', 'city', '2020', 'mitsubishi', 'fe160g']"
369634,"['bristol', '2019', 'honda', 'fit', 'ex-cvt-lunar']"
369668,"['bristol', '2018', 'honda', 'civic', 'sedan-ex-cvt']"
369897,"['fayetteville', '2019', 'tesla', 'model', '100d-awd']"
369902,"['fayetteville', '2021', 'tesla']"
369912,"['fayetteville', '2019', 'tesla', 'model', '100d-awd']"
369926,"['broad', 'run', '2020', 'chevrolet', 'silverado-md']"
370025,"['pompano', 'beach', '2019', 'chevrolet', 'silverado']"
370026,"['pompano', 'beach', '2020', 'amerideck', 'amd-ls-80']"
370587,"['oklahoma', 'city', '2019', 'fuso', 'crew-cab']"
370745,"['westport', '2019', 'tesla', 'model', '100d-awd']"
370746,"['westport', '2019', 'tesla', 'model', '100d-awd']"
372991,"['royal', 'palm', 'beach', '2019', 'ram-1500-big-horn']"
376603,['d']
376702,['d']
376826,['d']
376827,['d']
377760,['d']
377762,['d']
377767,['d']
377769,['d']
377798,['d']
378767,['d']
381640,"['el', 'paso', '2011', 'chevy', 'chevrolet-malibu-ls']"
381641,"['el', 'paso', '2017', 'ford', 'fusion-platinum-sedan']"
381642,"['el', 'paso', '2013', 'ford', 'focus-se-sedan']"
381643,"['el', 'paso', '2019', 'toyota', '4runner-limited']"
381644,"['el', 'paso', '2012', 'buick', 'enclave-convenience']"
381833,"['houston', '2018', 'honda', 'civic', 'hatchback']"
381840,"['houston', '2018', 'nissan', 'altima', '25-sedan-gray']"
381847,"['houston', '2019', 'chevrolet', 'equinox', 'awd-4dr']"
381853,"['houston', '2018', 'chevrolet', 'cruze', '4dr-sedan']"
381861,"['houston', '2018', 'kia', 'optima', 'automatic-gray']"
382286,"['scottsdale', '2020', 'ford', 'super', 'duty-250-srw']"
383032,"['scottsdale', '2020', 'gmc', 'sierra', '3500hd']"
383910,"['scottsdale', '2018', 'ford', '150', 'special']"
384237,"['scottsdale', '2020', 'gmc', 'sierra', '2500hd']"
388221,"['scottsdale', '2020', 'gmc', 'sierra', '3500hd']"
388629,"['scottsdale', '2020', 'chevrolet', 'silverado']"
388938,"['scottsdale', '2020', 'chevrolet', 'silverado']"
389108,"['scottsdale', '2020', 'gmc', 'sierra', '1500-new']"
389218,"['scottsdale', '2019', 'ford', '150', 'lifted-2019']"
389311,"['scottsdale', '2019', 'ford', 'super', 'duty-350-srw']"
389616,"['scottsdale', '2020', 'gmc', 'sierra', '2500hd']"
389861,"['scottsdale', '2018', 'chevrolet', 'silverado']"
390052,"['scottsdale', '2020', 'chevrolet', 'silverado']"
390293,"['scottsdale', '2019', 'ford', 'super', 'duty-350-srw']"
390566,"['scottsdale', '2019', 'ram', '1500', 'lifted-new']"
390761,"['scottsdale', '2019', 'chevrolet', 'silverado']"
390859,"['scottsdale', '2020', 'gmc', 'sierra', '3500hd-2020']"
402326,"['richmond', '2018', 'chevrolet', 'impala', '4dr']"
402328,"['richmond', '2019', 'chevrolet', 'impala', '4dr']"
405226,"['richmond', '2018', 'toyota', 'camry', 'le-automatic']"
405251,"['broad', 'run', '2020', 'chevrolet', 'silverado']"
405728,"['broad', 'run', '2020', 'chevrolet', 'silverado']"
405729,"['broad', 'run', '2020', 'chevrolet', 'silverado']"
405730,"['broad', 'run', '2020', 'chevrolet', 'silverado-md']"
406066,"['richmond', '2018', 'toyota', 'camry', 'le-automatic']"
406475,"['broad', 'run', '2018', 'ford', 'super-duty-550-drw']"
407130,"['broad', 'run', '2018', 'ford', 'super-duty-350-drw']"
407131,"['broad', 'run', '2019', 'ram', '3500-chassis-cab']"
411735,"['bellingham', '2007', 'mercedes', 'benz', 'slk-slk']"
411736,"['bellingham', '2015', 'mercedes', 'benz', 'class-400']"
411737,"['bellingham', '2016', 'bmw', 'x1', 'xdrive28i']"
411738,"['bellingham', '2017', 'bmw', 'x3', 'xdrive28i']"
411739,"['bellingham', '2011', 'mercedes', 'benz', 'class-300']"
411740,"['bellingham', '2015', 'mercedes', 'benz', 'class-400']"
411741,"['bellingham', '2016', 'bmw', 'x1', 'xdrive28i']"
411742,"['bellingham', '2017', 'bmw', 'x3', 'xdrive28i']"
411743,"['bellingham', '2011', 'mercedes', 'benz', 'class-300']"
416794,['d']
417437,['d']
417858,['d']
418113,['d']
418709,['d']
419433,"['bellingham', '2015', 'mercedes', 'benz', 'class-400']"
419434,"['bellingham', '2016', 'bmw', 'x1', 'xdrive28i']"
419536,"['wenatchee', '2020', 'jeep', 'wrangler', 'unlimited']"
419537,"['wenatchee', '2019', 'ford', 'super', 'duty-250-srw']"
419538,"['wenatchee', '2018', 'jeep', 'wrangler', 'unlimited']"
419561,"['wenatchee', '2019', 'jeep', 'grand', 'cherokee']"
419563,"['wenatchee', '2019', 'ram', '1500', 'big-horn-lone']"
419565,"['wenatchee', '2018', 'buick', 'regal', 'sportback']"
419584,"['wenatchee', '2018', 'bmw', 'x1', 'xdrive28i-sports']"
419586,"['wenatchee', '2019', 'ford', '150', 'xlt-4wd']"
419675,"['wenatchee', '2019', 'gmc', 'canyon', 'all-terrain']"
419677,"['wenatchee', '2018', 'bmw', 'x1', 'xdrive28i-sports']"
419678,"['wenatchee', '2018', 'chevrolet', 'silverado', '1500']"
419703,"['wenatchee', '2019', 'ram', '2500', 'big-horn-4x4']"
419708,"['wenatchee', '2019', 'jeep', 'wrangler', 'unlimited']"
419795,"['wenatchee', '2018', 'jeep', 'grand', 'cherokee']"
419797,"['wenatchee', '2020', 'ford', '150', 'xlt-iconic']"
419840,"['wenatchee', '2020', 'ford', 'expedition', 'max']"
419844,"['wenatchee', '2019', 'volkswagen', 'jetta', '14t']"
419867,"['wenatchee', '2019', 'ram', '1500', 'tradesman-4x4']"
419868,"['wenatchee', '2019', 'ford', '150', 'xl-white']"
419869,"['wenatchee', '2019', 'nissan', 'sentra', 'cvt']"
419889,"['wenatchee', '2019', 'mercedes', 'benz', 'glc-glc']"
419890,"['wenatchee', '2019', 'nissan', 'rogue', 'awd-caspian']"
419892,"['wenatchee', '2020', 'kia', 'sportage', 'lx-fwd']"
419893,"['wenatchee', '2019', 'jeep', 'grand', 'cherokee']"
420028,"['wenatchee', '2019', 'jeep', 'cherokee', 'trailhawk']"
420031,"['wenatchee', '2020', 'jeep', 'wrangler', 'unlimited']"
420032,"['wenatchee', '2019', 'subaru', 'outback', '25i']"
420035,"['wenatchee', '2018', 'ford', 'flex', 'limited-awd']"
420052,"['wenatchee', '2020', 'jeep', 'grand', 'cherokee']"
420055,"['wenatchee', '2018', 'volkswagen', 'atlas', '36l-v6']"
420056,"['wenatchee', '2020', 'dodge', 'durango', 't-awd']"
420057,"['wenatchee', '2019', 'ram', '1500', 'classic-slt']"
420120,"['wenatchee', '2019', 'ram', '1500', 'big-horn-lone']"
420124,"['wenatchee', '2019', 'ford', 'super', 'duty-350-srw']"
420161,"['wenatchee', '2020', 'ram', '1500', 'big-horn-lone']"
420178,"['wenatchee', '2020', 'ram', '1500', 'big-horn-lone']"
420179,"['wenatchee', '2018', 'ford', 'super', 'duty-350-drw']"
420180,"['wenatchee', '2020', 'mazda', 'cx', 'grand-touring']"
420182,"['wenatchee', '2019', 'ford', 'fusion', 'hybrid-se']"
420184,"['wenatchee', '2019', 'toyota', 'corolla', 'hatchback']"
420203,"['wenatchee', '2020', 'chevrolet', 'silverado', 'wd']"
420204,"['wenatchee', '2020', 'kia', 'soul', 'lx-ivt']"
420205,"['wenatchee', '2019', 'mercedes', 'benz', 'gla-gla']"
420208,"['wenatchee', '2020', 'ram', '1500', 'classic-slt-4x4']"
420256,"['wenatchee', '2020', 'jeep', 'wrangler', 'unlimited']"
420257,"['wenatchee', '2019', 'ford', 'super', 'duty-250-srw']"
420258,"['wenatchee', '2019', 'jeep', 'wrangler', 'unlimited']"
420260,"['wenatchee', '2019', 'ford', 'ranger', 'lariat-4wd']"
420261,"['wenatchee', '2018', 'jeep', 'wrangler', 'unlimited']"
420322,"['wenatchee', '2019', 'jeep', 'grand', 'cherokee']"
420324,"['wenatchee', '2019', 'ram', '1500', 'big-horn-lone']"
420328,"['wenatchee', '2018', 'buick', 'regal', 'sportback']"
420347,"['wenatchee', '2018', 'bmw', 'x1', 'xdrive28i-sports']"
420373,"['wenatchee', '2019', 'ford', '150', 'xlt-4wd']"
420397,"['wenatchee', '2019', 'ram', '2500', 'big-horn-4x4']"
420398,"['wenatchee', '2019', 'gmc', 'canyon', 'all-terrain']"
420400,"['wenatchee', '2018', 'bmw', 'x1', 'xdrive28i-sports']"
420425,"['wenatchee', '2019', 'ram', '2500', 'big-horn-4x4']"
420431,"['wenatchee', '2019', 'jeep', 'wrangler', 'unlimited']"
420434,"['wenatchee', '2018', 'jeep', 'grand', 'cherokee']"
420523,"['wenatchee', '2020', 'ford', 'expedition', 'max']"
420527,"['wenatchee', '2019', 'volkswagen', 'jetta', '14t']"
420615,"['wenatchee', '2019', 'ram', '1500', 'tradesman-4x4']"
420616,"['wenatchee', '2019', 'ford', '150', 'xl-white']"
420618,"['wenatchee', '2019', 'nissan', 'sentra', 'cvt']"
420619,"['wenatchee', '2019', 'mercedes', 'benz', 'glc-glc']"
420620,"['wenatchee', '2019', 'nissan', 'rogue', 'awd-caspian']"
420655,"['wenatchee', '2020', 'kia', 'sportage', 'lx-fwd']"
420656,"['wenatchee', '2019', 'jeep', 'grand', 'cherokee']"
420658,"['wenatchee', '2019', 'honda', 'cr', 'ex-awd-red']"
420659,"['wenatchee', '2019', 'jeep', 'cherokee', 'trailhawk']"
420675,"['wenatchee', '2020', 'jeep', 'wrangler', 'unlimited']"
420676,"['wenatchee', '2019', 'subaru', 'outback', '25i']"
420677,"['wenatchee', '2018', 'ford', 'flex', 'limited-awd']"
420678,"['wenatchee', '2020', 'jeep', 'grand', 'cherokee']"
422332,"['broad', 'run', '2018', 'ford', 'super-duty-550-drw']"
422386,"['broad', 'run', '2020', 'chevrolet', 'silverado-md']"
422387,"['broad', 'run', '2020', 'chevrolet', 'silverado']"
429143,"['la', 'crosse', '01', 'pontiac', 'sunfire']"
438232,['d']
438270,['d']
438443,"['tempe', '2020', 'chevrolet', 'silverado', '1500']"
438453,"['tempe', '2018', 'ford', '150', 'lifted-35l-ecoboost']"
438735,"['paso', 'robles', '2019', 'ford', 'explorer-xlt-4wd']"
438883,"['paso', 'robles', '2019', 'ford', 'explorer-xlt-4wd']"
439596,['d']
440895,['d']
440897,['d']
445264,"['american', 'fork', '2019', 'ford', 'super-duty-550']"
445297,"['american', 'fork', '2019', 'ford', 'expedition-max']"
445936,"['denver', '2019', 'dodge', 'grand', 'caravan-sxt']"
446021,"['american', 'fork', '2020', 'ford', 'super-duty-350']"
446098,"['denver', '2019', 'dodge', 'grand', 'caravan-se-plus']"
446142,"['american', 'fork', '2020', 'ford', 'super-duty-350']"
446249,"['aurora', '2018', 'subaru', 'forester', '25i-premium']"
446253,"['aurora', '2018', 'toyota', 'highlander', 'xle-awd']"
446261,"['scottsdale', '2020', 'chevrolet', 'silverado']"
446262,"['aurora', '2020', 'toyota', '4runner', 'sr5-premium']"
446264,"['aurora', '2018', 'lexus', 'es350', 'only-has-1855']"
446265,"['aurora', '2018', 'toyota', 'camry', 'le-has-heated']"
446268,"['aurora', '2018', 'volkswagen', 'tiguan', 'se-awd']"
446269,"['aurora', '2019', 'audi', 'q5', 'premium-plus']"
446273,"['aurora', '2018', 'toyota', 'highlander', 'xle-awd']"
446277,"['american', 'fork', '2019', 'ford', 'super-duty-350']"
446278,"['aurora', '2019', 'toyota', 'rav4', 'le-awd-only-has']"
446279,"['aurora', '2018', 'subaru', 'outback', 'premium-awd']"
446294,"['aurora', '2018', 'subaru', 'crosstrek', 'premium']"
446305,"['aurora', '2019', 'hyundai', 'tucson', 'night']"
446308,"['aurora', '2019', 'subaru', 'outback', 'limited-awd']"
447075,"['american', 'fork', '2019', 'ford', 'super-duty-350']"
447142,"['denver', '2020', 'honda', 'odyssey', 'ex-w-navi-res']"
447144,"['american', 'fork', '2019', 'ford', 'super-duty-350']"
447187,"['denver', '2019', 'dodge', 'grand', 'caravan-sxt']"
447199,"['scottsdale', '2020', 'chevrolet', 'silverado']"
447204,"['american', 'fork', '2020', 'ford', 'expedition-max']"
447901,"['new', 'smyrna', 'beach', '2019', 'chevrolet']"
448439,"['bradenton', '2018', 'dodge', 'challenger', 'srt']"
448522,['d']
448573,['d']
449072,['d']
449144,['d']
449157,['d']
449201,['d']
449486,['d']
449501,['d']
449531,['d']
449543,['d']
449575,['d']
449579,['d']
449580,['d']
449581,['d']
450851,"['vicksburg', '2018', 'ford', 'super', 'duty-350-drw']"
450854,"['vicksburg', '2018', 'ford', 'super', 'duty-350-drw']"
450863,"['vicksburg', '2018', 'ford', 'super', 'duty-350-drw']"
450880,"['vicksburg', '2018', 'ford', 'super', 'duty-350-drw']"
452574,"['vicksburg', '2018', 'ford', 'super', 'duty-350-drw']"
452579,"['vicksburg', '2018', 'ford', 'super', 'duty-350-drw']"
452580,"['vicksburg', '2018', 'ford', 'super', 'duty-350-drw']"
452586,"['vicksburg', '2018', 'ford', 'super', 'duty-350-drw']"
452588,"['vicksburg', '2018', 'ford', 'super', 'duty-350-drw']"
456686,['d']
457714,['d']
457761,['d']
457866,"['wenatchee', '2020', 'chevrolet', 'silverado', 'wd']"
457867,"['wenatchee', '2019', 'mercedes', 'benz', 'gla-gla']"
457871,"['wenatchee', '2020', 'ram', '1500', 'classic-slt-4x4']"
